asanthi1,User123#,PefnZL_yzYqASm1BTZHSWwPN2g0a,1lJNsQ97mpZ8Q719Oreof0pfxGQa
asanthi2,User123#,PefnZL_yzYqASm1BTZHSWwPN2g0a,1lJNsQ97mpZ8Q719Oreof0pfxGQa
asanthi3,User123#,PefnZL_yzYqASm1BTZHSWwPN2g0a,1lJNsQ97mpZ8Q719Oreof0pfxGQa
asanthi4,User123#,PefnZL_yzYqASm1BTZHSWwPN2g0a,1lJNsQ97mpZ8Q719Oreof0pfxGQa
asanthi5,User123#,PefnZL_yzYqASm1BTZHSWwPN2g0a,1lJNsQ97mpZ8Q719Oreof0pfxGQa
asanthi6,User123#,PefnZL_yzYqASm1BTZHSWwPN2g0a,1lJNsQ97mpZ8Q719Oreof0pfxGQa
asanthi7,User123#,PefnZL_yzYqASm1BTZHSWwPN2g0a,1lJNsQ97mpZ8Q719Oreof0pfxGQa
asanthi8,User123#,PefnZL_yzYqASm1BTZHSWwPN2g0a,1lJNsQ97mpZ8Q719Oreof0pfxGQa
asanthi9,User123#,PefnZL_yzYqASm1BTZHSWwPN2g0a,1lJNsQ97mpZ8Q719Oreof0pfxGQa
asanthi10,User123#,PefnZL_yzYqASm1BTZHSWwPN2g0a,1lJNsQ97mpZ8Q719Oreof0pfxGQa
tenant1@tenant1.com,User123#,455RjTRmhRiTaW2NPzVUrIAiPsMa,5r8TAsHyJhSlPDkNEQ19fA1Atu0a
tenant1user1@tenant1.com,User123#,455RjTRmhRiTaW2NPzVUrIAiPsMa,5r8TAsHyJhSlPDkNEQ19fA1Atu0a
tenant1user2@tenant1.com,User123#,455RjTRmhRiTaW2NPzVUrIAiPsMa,5r8TAsHyJhSlPDkNEQ19fA1Atu0a
tenant1user3@tenant1.com,User123#,455RjTRmhRiTaW2NPzVUrIAiPsMa,5r8TAsHyJhSlPDkNEQ19fA1Atu0a
tenant1user4@tenant1.com,User123#,455RjTRmhRiTaW2NPzVUrIAiPsMa,5r8TAsHyJhSlPDkNEQ19fA1Atu0a
tenant1user5@tenant1.com,User123#,455RjTRmhRiTaW2NPzVUrIAiPsMa,5r8TAsHyJhSlPDkNEQ19fA1Atu0a
tenant1user6@tenant1.com,User123#,455RjTRmhRiTaW2NPzVUrIAiPsMa,5r8TAsHyJhSlPDkNEQ19fA1Atu0a
tenant1user7@tenant1.com,User123#,455RjTRmhRiTaW2NPzVUrIAiPsMa,5r8TAsHyJhSlPDkNEQ19fA1Atu0a
tenant1user8@tenant1.com,User123#,455RjTRmhRiTaW2NPzVUrIAiPsMa,5r8TAsHyJhSlPDkNEQ19fA1Atu0a
tenant1user9@tenant1.com,User123#,455RjTRmhRiTaW2NPzVUrIAiPsMa,5r8TAsHyJhSlPDkNEQ19fA1Atu0a
tenant1user10@tenant1.com,User123#,455RjTRmhRiTaW2NPzVUrIAiPsMa,5r8TAsHyJhSlPDkNEQ19fA1Atu0a

