aaa,aaa,0.0.0,test123....,Technical Owner,0777123234,,None,None,None,None,None,None,None,None,,,,,,,,,,
bbb,bbb,0.0.1,test123....,Technical Owner,0777123234,,None,None,None,None,None,None,None,None,,,,,,,,,,
ccc,ccc,0.0.2,test123....,Technical Owner,0777123234,,None,None,None,None,None,None,None,None,,,,,,,,,,
ddd,ddd,0.0.3,test123....,Technical Owner,0777123234,,None,None,None,None,None,None,None,None,,,,,,,,,,
eee,eee,0.0.4,test123....,Technical Owner,0777123234,,None,None,None,None,None,None,None,None,,,,,,,,,,
fff,fff,0.0.5,test123....,Technical Owner,0777123234,,None,None,None,None,None,None,None,None,,,,,,,,,,
ggg,ggg,0.0.6,test123....,Technical Owner,0777123234,,None,None,None,None,None,None,None,None,,,,,,,,,,
hhh,hhh,0.0.7,test123....,Technical Owner,0777123234,,None,None,None,None,None,None,None,None,,,,,,,,,,
iii,iii,0.0.8,test123....,Technical Owner,0777123234,,None,None,None,None,None,None,None,None,,,,,,,,,,
jjj,jjj,0.0.9,test123....,Technical Owner,0777123234,,None,None,None,None,None,None,None,None,,,,,,,,,,
aaa,aaa,1.0.0,test123....,Technical Owner,0777123234,,None,None,None,None,None,None,None,None,,,,,,,,,,
bbb,bbb,1.0.1,test123....,Technical Owner,0777123234,,None,None,None,None,None,None,None,None,,,,,,,,,,
ccc,ccc,1.0.2,test123....,Technical Owner,0777123234,,None,None,None,None,None,None,None,None,,,,,,,,,,
ddd,ddd,1.0.3,test123....,Technical Owner,0777123234,,None,None,None,None,None,None,None,None,,,,,,,,,,
eee,eee,1.0.4,test123....,Technical Owner,0777123234,,None,None,None,None,None,None,None,None,,,,,,,,,,
fff,fff,1.0.5,test123....,Technical Owner,0777123234,,None,None,None,None,None,None,None,None,,,,,,,,,,
ggg,ggg,1.0.6,test123....,Technical Owner,0777123234,,None,None,None,None,None,None,None,None,,,,,,,,,,
hhh,hhh,1.0.7,test123....,Technical Owner,0777123234,,None,None,None,None,None,None,None,None,,,,,,,,,,
iii,iii,1.0.8,test123....,Technical Owner,0777123234,,None,None,None,None,None,None,None,None,,,,,,,,,,
jjj,jjj,1.0.9,test123....,Technical Owner,0777123234,,None,None,None,None,None,None,None,None,,,,,,,,,,
aaa,aaa,2.0.0,test123....,Technical Owner,0777123234,,None,None,None,None,None,None,None,None,,,,,,,,,,
bbb,bbb,2.0.1,test123....,Technical Owner,0777123234,,None,None,None,None,None,None,None,None,,,,,,,,,,
ccc,ccc,2.0.2,test123....,Technical Owner,0777123234,,None,None,None,None,None,None,None,None,,,,,,,,,,
ddd,ddd,2.0.3,test123....,Technical Owner,0777123234,,None,None,None,None,None,None,None,None,,,,,,,,,,
eee,eee,2.0.4,test123....,Technical Owner,0777123234,,None,None,None,None,None,None,None,None,,,,,,,,,,
fff,fff,2.0.5,test123....,Technical Owner,0777123234,,None,None,None,None,None,None,None,None,,,,,,,,,,
ggg,ggg,2.0.6,test123....,Technical Owner,0777123234,,None,None,None,None,None,None,None,None,,,,,,,,,,
hhh,hhh,2.0.7,test123....,Technical Owner,0777123234,,None,None,None,None,None,None,None,None,,,,,,,,,,
iii,iii,2.0.8,test123....,Technical Owner,0777123234,,None,None,None,None,None,None,None,None,,,,,,,,,,
jjj,jjj,2.0.9,test123....,Technical Owner,0777123234,,None,None,None,None,None,None,None,None,,,,,,,,,,
aaa,aaa,3.0.0,test123....,Technical Owner,0777123234,,None,None,None,None,None,None,None,None,,,,,,,,,,
bbb,bbb,3.0.1,test123....,Technical Owner,0777123234,,None,None,None,None,None,None,None,None,,,,,,,,,,
ccc,ccc,3.0.2,test123....,Technical Owner,0777123234,,None,None,None,None,None,None,None,None,,,,,,,,,,
ddd,ddd,3.0.3,test123....,Technical Owner,0777123234,,None,None,None,None,None,None,None,None,,,,,,,,,,
eee,eee,3.0.4,test123....,Technical Owner,0777123234,,None,None,None,None,None,None,None,None,,,,,,,,,,
fff,fff,3.0.5,test123....,Technical Owner,0777123234,,None,None,None,None,None,None,None,None,,,,,,,,,,
ggg,ggg,3.0.6,test123....,Technical Owner,0777123234,,None,None,None,None,None,None,None,None,,,,,,,,,,
hhh,hhh,3.0.7,test123....,Technical Owner,0777123234,,None,None,None,None,None,None,None,None,,,,,,,,,,
iii,iii,3.0.8,test123....,Technical Owner,0777123234,,None,None,None,None,None,None,None,None,,,,,,,,,,
jjj,jjj,3.0.9,test123....,Technical Owner,0777123234,,None,None,None,None,None,None,None,None,,,,,,,,,,
aaa,aaa,4.0.0,test123....,Technical Owner,0777123234,,None,None,None,None,None,None,None,None,,,,,,,,,,
bbb,bbb,4.0.1,test123....,Technical Owner,0777123234,,None,None,None,None,None,None,None,None,,,,,,,,,,
ccc,ccc,4.0.2,test123....,Technical Owner,0777123234,,None,None,None,None,None,None,None,None,,,,,,,,,,
ddd,ddd,4.0.3,test123....,Technical Owner,0777123234,,None,None,None,None,None,None,None,None,,,,,,,,,,
eee,eee,4.0.4,test123....,Technical Owner,0777123234,,None,None,None,None,None,None,None,None,,,,,,,,,,
fff,fff,4.0.5,test123....,Technical Owner,0777123234,,None,None,None,None,None,None,None,None,,,,,,,,,,
ggg,ggg,4.0.6,test123....,Technical Owner,0777123234,,None,None,None,None,None,None,None,None,,,,,,,,,,
hhh,hhh,4.0.7,test123....,Technical Owner,0777123234,,None,None,None,None,None,None,None,None,,,,,,,,,,
iii,iii,4.0.8,test123....,Technical Owner,0777123234,,None,None,None,None,None,None,None,None,,,,,,,,,,
jjj,jjj,4.0.9,test123....,Technical Owner,0777123234,,None,None,None,None,None,None,None,None,,,,,,,,,,
aaa,aaa,5.0.0,test123....,Technical Owner,0777123234,,None,None,None,None,None,None,None,None,,,,,,,,,,
bbb,bbb,5.0.1,test123....,Technical Owner,0777123234,,None,None,None,None,None,None,None,None,,,,,,,,,,
ccc,ccc,5.0.2,test123....,Technical Owner,0777123234,,None,None,None,None,None,None,None,None,,,,,,,,,,
ddd,ddd,5.0.3,test123....,Technical Owner,0777123234,,None,None,None,None,None,None,None,None,,,,,,,,,,
eee,eee,5.0.4,test123....,Technical Owner,0777123234,,None,None,None,None,None,None,None,None,,,,,,,,,,
fff,fff,5.0.5,test123....,Technical Owner,0777123234,,None,None,None,None,None,None,None,None,,,,,,,,,,
ggg,ggg,5.0.6,test123....,Technical Owner,0777123234,,None,None,None,None,None,None,None,None,,,,,,,,,,
hhh,hhh,5.0.7,test123....,Technical Owner,0777123234,,None,None,None,None,None,None,None,None,,,,,,,,,,
iii,iii,5.0.8,test123....,Technical Owner,0777123234,,None,None,None,None,None,None,None,None,,,,,,,,,,
jjj,jjj,5.0.9,test123....,Technical Owner,0777123234,,None,None,None,None,None,None,None,None,,,,,,,,,,
aaa,aaa,6.0.0,test123....,Technical Owner,0777123234,,None,None,None,None,None,None,None,None,,,,,,,,,,
bbb,bbb,6.0.1,test123....,Technical Owner,0777123234,,None,None,None,None,None,None,None,None,,,,,,,,,,
ccc,ccc,6.0.2,test123....,Technical Owner,0777123234,,None,None,None,None,None,None,None,None,,,,,,,,,,
ddd,ddd,6.0.3,test123....,Technical Owner,0777123234,,None,None,None,None,None,None,None,None,,,,,,,,,,
eee,eee,6.0.4,test123....,Technical Owner,0777123234,,None,None,None,None,None,None,None,None,,,,,,,,,,
fff,fff,6.0.5,test123....,Technical Owner,0777123234,,None,None,None,None,None,None,None,None,,,,,,,,,,
ggg,ggg,6.0.6,test123....,Technical Owner,0777123234,,None,None,None,None,None,None,None,None,,,,,,,,,,
hhh,hhh,6.0.7,test123....,Technical Owner,0777123234,,None,None,None,None,None,None,None,None,,,,,,,,,,
iii,iii,6.0.8,test123....,Technical Owner,0777123234,,None,None,None,None,None,None,None,None,,,,,,,,,,
jjj,jjj,6.0.9,test123....,Technical Owner,0777123234,,None,None,None,None,None,None,None,None,,,,,,,,,,
aaa,aaa,7.0.0,test123....,Technical Owner,0777123234,,None,None,None,None,None,None,None,None,,,,,,,,,,
bbb,bbb,7.0.1,test123....,Technical Owner,0777123234,,None,None,None,None,None,None,None,None,,,,,,,,,,
ccc,ccc,7.0.2,test123....,Technical Owner,0777123234,,None,None,None,None,None,None,None,None,,,,,,,,,,
ddd,ddd,7.0.3,test123....,Technical Owner,0777123234,,None,None,None,None,None,None,None,None,,,,,,,,,,
eee,eee,7.0.4,test123....,Technical Owner,0777123234,,None,None,None,None,None,None,None,None,,,,,,,,,,
fff,fff,7.0.5,test123....,Technical Owner,0777123234,,None,None,None,None,None,None,None,None,,,,,,,,,,
ggg,ggg,7.0.6,test123....,Technical Owner,0777123234,,None,None,None,None,None,None,None,None,,,,,,,,,,
hhh,hhh,7.0.7,test123....,Technical Owner,0777123234,,None,None,None,None,None,None,None,None,,,,,,,,,,
iii,iii,7.0.8,test123....,Technical Owner,0777123234,,None,None,None,None,None,None,None,None,,,,,,,,,,
jjj,jjj,7.0.9,test123....,Technical Owner,0777123234,,None,None,None,None,None,None,None,None,,,,,,,,,,
aaa,aaa,8.0.0,test123....,Technical Owner,0777123234,,None,None,None,None,None,None,None,None,,,,,,,,,,
bbb,bbb,8.0.1,test123....,Technical Owner,0777123234,,None,None,None,None,None,None,None,None,,,,,,,,,,
ccc,ccc,8.0.2,test123....,Technical Owner,0777123234,,None,None,None,None,None,None,None,None,,,,,,,,,,
ddd,ddd,8.0.3,test123....,Technical Owner,0777123234,,None,None,None,None,None,None,None,None,,,,,,,,,,
eee,eee,8.0.4,test123....,Technical Owner,0777123234,,None,None,None,None,None,None,None,None,,,,,,,,,,
fff,fff,8.0.5,test123....,Technical Owner,0777123234,,None,None,None,None,None,None,None,None,,,,,,,,,,
ggg,ggg,8.0.6,test123....,Technical Owner,0777123234,,None,None,None,None,None,None,None,None,,,,,,,,,,
hhh,hhh,8.0.7,test123....,Technical Owner,0777123234,,None,None,None,None,None,None,None,None,,,,,,,,,,
iii,iii,8.0.8,test123....,Technical Owner,0777123234,,None,None,None,None,None,None,None,None,,,,,,,,,,
jjj,jjj,8.0.9,test123....,Technical Owner,0777123234,,None,None,None,None,None,None,None,None,,,,,,,,,,
aaa,aaa,9.0.0,test123....,Technical Owner,0777123234,,None,None,None,None,None,None,None,None,,,,,,,,,,
bbb,bbb,9.0.1,test123....,Technical Owner,0777123234,,None,None,None,None,None,None,None,None,,,,,,,,,,
ccc,ccc,9.0.2,test123....,Technical Owner,0777123234,,None,None,None,None,None,None,None,None,,,,,,,,,,
ddd,ddd,9.0.3,test123....,Technical Owner,0777123234,,None,None,None,None,None,None,None,None,,,,,,,,,,
eee,eee,9.0.4,test123....,Technical Owner,0777123234,,None,None,None,None,None,None,None,None,,,,,,,,,,
fff,fff,9.0.5,test123....,Technical Owner,0777123234,,None,None,None,None,None,None,None,None,,,,,,,,,,
ggg,ggg,9.0.6,test123....,Technical Owner,0777123234,,None,None,None,None,None,None,None,None,,,,,,,,,,
hhh,hhh,9.0.7,test123....,Technical Owner,0777123234,,None,None,None,None,None,None,None,None,,,,,,,,,,
iii,iii,9.0.8,test123....,Technical Owner,0777123234,,None,None,None,None,None,None,None,None,,,,,,,,,,
jjj,jjj,9.0.9,test123....,Technical Owner,0777123234,,None,None,None,None,None,None,None,None,,,,,,,,,,
aaa,aaa,0.1.0,test123....,Technical Owner,0777123234,,None,None,None,None,None,None,None,None,,,,,,,,,,
bbb,bbb,0.1.1,test123....,Technical Owner,0777123234,,None,None,None,None,None,None,None,None,,,,,,,,,,
ccc,ccc,0.1.2,test123....,Technical Owner,0777123234,,None,None,None,None,None,None,None,None,,,,,,,,,,
ddd,ddd,0.1.3,test123....,Technical Owner,0777123234,,None,None,None,None,None,None,None,None,,,,,,,,,,
eee,eee,0.1.4,test123....,Technical Owner,0777123234,,None,None,None,None,None,None,None,None,,,,,,,,,,
fff,fff,0.1.5,test123....,Technical Owner,0777123234,,None,None,None,None,None,None,None,None,,,,,,,,,,
ggg,ggg,0.1.6,test123....,Technical Owner,0777123234,,None,None,None,None,None,None,None,None,,,,,,,,,,
hhh,hhh,0.1.7,test123....,Technical Owner,0777123234,,None,None,None,None,None,None,None,None,,,,,,,,,,
iii,iii,0.1.8,test123....,Technical Owner,0777123234,,None,None,None,None,None,None,None,None,,,,,,,,,,
jjj,jjj,0.1.9,test123....,Technical Owner,0777123234,,None,None,None,None,None,None,None,None,,,,,,,,,,
aaa,aaa,1.1.0,test123....,Technical Owner,0777123234,,None,None,None,None,None,None,None,None,,,,,,,,,,
bbb,bbb,1.1.1,test123....,Technical Owner,0777123234,,None,None,None,None,None,None,None,None,,,,,,,,,,
ccc,ccc,1.1.2,test123....,Technical Owner,0777123234,,None,None,None,None,None,None,None,None,,,,,,,,,,
ddd,ddd,1.1.3,test123....,Technical Owner,0777123234,,None,None,None,None,None,None,None,None,,,,,,,,,,
eee,eee,1.1.4,test123....,Technical Owner,0777123234,,None,None,None,None,None,None,None,None,,,,,,,,,,
fff,fff,1.1.5,test123....,Technical Owner,0777123234,,None,None,None,None,None,None,None,None,,,,,,,,,,
ggg,ggg,1.1.6,test123....,Technical Owner,0777123234,,None,None,None,None,None,None,None,None,,,,,,,,,,
hhh,hhh,1.1.7,test123....,Technical Owner,0777123234,,None,None,None,None,None,None,None,None,,,,,,,,,,
iii,iii,1.1.8,test123....,Technical Owner,0777123234,,None,None,None,None,None,None,None,None,,,,,,,,,,
jjj,jjj,1.1.9,test123....,Technical Owner,0777123234,,None,None,None,None,None,None,None,None,,,,,,,,,,
aaa,aaa,2.1.0,test123....,Technical Owner,0777123234,,None,None,None,None,None,None,None,None,,,,,,,,,,
bbb,bbb,2.1.1,test123....,Technical Owner,0777123234,,None,None,None,None,None,None,None,None,,,,,,,,,,
ccc,ccc,2.1.2,test123....,Technical Owner,0777123234,,None,None,None,None,None,None,None,None,,,,,,,,,,
ddd,ddd,2.1.3,test123....,Technical Owner,0777123234,,None,None,None,None,None,None,None,None,,,,,,,,,,
eee,eee,2.1.4,test123....,Technical Owner,0777123234,,None,None,None,None,None,None,None,None,,,,,,,,,,
fff,fff,2.1.5,test123....,Technical Owner,0777123234,,None,None,None,None,None,None,None,None,,,,,,,,,,
ggg,ggg,2.1.6,test123....,Technical Owner,0777123234,,None,None,None,None,None,None,None,None,,,,,,,,,,
hhh,hhh,2.1.7,test123....,Technical Owner,0777123234,,None,None,None,None,None,None,None,None,,,,,,,,,,
iii,iii,2.1.8,test123....,Technical Owner,0777123234,,None,None,None,None,None,None,None,None,,,,,,,,,,
jjj,jjj,2.1.9,test123....,Technical Owner,0777123234,,None,None,None,None,None,None,None,None,,,,,,,,,,
aaa,aaa,3.1.0,test123....,Technical Owner,0777123234,,None,None,None,None,None,None,None,None,,,,,,,,,,
bbb,bbb,3.1.1,test123....,Technical Owner,0777123234,,None,None,None,None,None,None,None,None,,,,,,,,,,
ccc,ccc,3.1.2,test123....,Technical Owner,0777123234,,None,None,None,None,None,None,None,None,,,,,,,,,,
ddd,ddd,3.1.3,test123....,Technical Owner,0777123234,,None,None,None,None,None,None,None,None,,,,,,,,,,
eee,eee,3.1.4,test123....,Technical Owner,0777123234,,None,None,None,None,None,None,None,None,,,,,,,,,,
fff,fff,3.1.5,test123....,Technical Owner,0777123234,,None,None,None,None,None,None,None,None,,,,,,,,,,
ggg,ggg,3.1.6,test123....,Technical Owner,0777123234,,None,None,None,None,None,None,None,None,,,,,,,,,,
hhh,hhh,3.1.7,test123....,Technical Owner,0777123234,,None,None,None,None,None,None,None,None,,,,,,,,,,
iii,iii,3.1.8,test123....,Technical Owner,0777123234,,None,None,None,None,None,None,None,None,,,,,,,,,,
jjj,jjj,3.1.9,test123....,Technical Owner,0777123234,,None,None,None,None,None,None,None,None,,,,,,,,,,
aaa,aaa,4.1.0,test123....,Technical Owner,0777123234,,None,None,None,None,None,None,None,None,,,,,,,,,,
bbb,bbb,4.1.1,test123....,Technical Owner,0777123234,,None,None,None,None,None,None,None,None,,,,,,,,,,
ccc,ccc,4.1.2,test123....,Technical Owner,0777123234,,None,None,None,None,None,None,None,None,,,,,,,,,,
ddd,ddd,4.1.3,test123....,Technical Owner,0777123234,,None,None,None,None,None,None,None,None,,,,,,,,,,
eee,eee,4.1.4,test123....,Technical Owner,0777123234,,None,None,None,None,None,None,None,None,,,,,,,,,,
fff,fff,4.1.5,test123....,Technical Owner,0777123234,,None,None,None,None,None,None,None,None,,,,,,,,,,
ggg,ggg,4.1.6,test123....,Technical Owner,0777123234,,None,None,None,None,None,None,None,None,,,,,,,,,,
hhh,hhh,4.1.7,test123....,Technical Owner,0777123234,,None,None,None,None,None,None,None,None,,,,,,,,,,
iii,iii,4.1.8,test123....,Technical Owner,0777123234,,None,None,None,None,None,None,None,None,,,,,,,,,,
jjj,jjj,4.1.9,test123....,Technical Owner,0777123234,,None,None,None,None,None,None,None,None,,,,,,,,,,
aaa,aaa,5.1.0,test123....,Technical Owner,0777123234,,None,None,None,None,None,None,None,None,,,,,,,,,,
bbb,bbb,5.1.1,test123....,Technical Owner,0777123234,,None,None,None,None,None,None,None,None,,,,,,,,,,
ccc,ccc,5.1.2,test123....,Technical Owner,0777123234,,None,None,None,None,None,None,None,None,,,,,,,,,,
ddd,ddd,5.1.3,test123....,Technical Owner,0777123234,,None,None,None,None,None,None,None,None,,,,,,,,,,
eee,eee,5.1.4,test123....,Technical Owner,0777123234,,None,None,None,None,None,None,None,None,,,,,,,,,,
fff,fff,5.1.5,test123....,Technical Owner,0777123234,,None,None,None,None,None,None,None,None,,,,,,,,,,
ggg,ggg,5.1.6,test123....,Technical Owner,0777123234,,None,None,None,None,None,None,None,None,,,,,,,,,,
hhh,hhh,5.1.7,test123....,Technical Owner,0777123234,,None,None,None,None,None,None,None,None,,,,,,,,,,
iii,iii,5.1.8,test123....,Technical Owner,0777123234,,None,None,None,None,None,None,None,None,,,,,,,,,,
jjj,jjj,5.1.9,test123....,Technical Owner,0777123234,,None,None,None,None,None,None,None,None,,,,,,,,,,
aaa,aaa,6.1.0,test123....,Technical Owner,0777123234,,None,None,None,None,None,None,None,None,,,,,,,,,,
bbb,bbb,6.1.1,test123....,Technical Owner,0777123234,,None,None,None,None,None,None,None,None,,,,,,,,,,
ccc,ccc,6.1.2,test123....,Technical Owner,0777123234,,None,None,None,None,None,None,None,None,,,,,,,,,,
ddd,ddd,6.1.3,test123....,Technical Owner,0777123234,,None,None,None,None,None,None,None,None,,,,,,,,,,
eee,eee,6.1.4,test123....,Technical Owner,0777123234,,None,None,None,None,None,None,None,None,,,,,,,,,,
fff,fff,6.1.5,test123....,Technical Owner,0777123234,,None,None,None,None,None,None,None,None,,,,,,,,,,
ggg,ggg,6.1.6,test123....,Technical Owner,0777123234,,None,None,None,None,None,None,None,None,,,,,,,,,,
hhh,hhh,6.1.7,test123....,Technical Owner,0777123234,,None,None,None,None,None,None,None,None,,,,,,,,,,
iii,iii,6.1.8,test123....,Technical Owner,0777123234,,None,None,None,None,None,None,None,None,,,,,,,,,,
jjj,jjj,6.1.9,test123....,Technical Owner,0777123234,,None,None,None,None,None,None,None,None,,,,,,,,,,
aaa,aaa,7.1.0,test123....,Technical Owner,0777123234,,None,None,None,None,None,None,None,None,,,,,,,,,,
bbb,bbb,7.1.1,test123....,Technical Owner,0777123234,,None,None,None,None,None,None,None,None,,,,,,,,,,
ccc,ccc,7.1.2,test123....,Technical Owner,0777123234,,None,None,None,None,None,None,None,None,,,,,,,,,,
ddd,ddd,7.1.3,test123....,Technical Owner,0777123234,,None,None,None,None,None,None,None,None,,,,,,,,,,
eee,eee,7.1.4,test123....,Technical Owner,0777123234,,None,None,None,None,None,None,None,None,,,,,,,,,,
fff,fff,7.1.5,test123....,Technical Owner,0777123234,,None,None,None,None,None,None,None,None,,,,,,,,,,
ggg,ggg,7.1.6,test123....,Technical Owner,0777123234,,None,None,None,None,None,None,None,None,,,,,,,,,,
hhh,hhh,7.1.7,test123....,Technical Owner,0777123234,,None,None,None,None,None,None,None,None,,,,,,,,,,
iii,iii,7.1.8,test123....,Technical Owner,0777123234,,None,None,None,None,None,None,None,None,,,,,,,,,,
jjj,jjj,7.1.9,test123....,Technical Owner,0777123234,,None,None,None,None,None,None,None,None,,,,,,,,,,
aaa,aaa,8.1.0,test123....,Technical Owner,0777123234,,None,None,None,None,None,None,None,None,,,,,,,,,,
bbb,bbb,8.1.1,test123....,Technical Owner,0777123234,,None,None,None,None,None,None,None,None,,,,,,,,,,
ccc,ccc,8.1.2,test123....,Technical Owner,0777123234,,None,None,None,None,None,None,None,None,,,,,,,,,,
ddd,ddd,8.1.3,test123....,Technical Owner,0777123234,,None,None,None,None,None,None,None,None,,,,,,,,,,
eee,eee,8.1.4,test123....,Technical Owner,0777123234,,None,None,None,None,None,None,None,None,,,,,,,,,,
fff,fff,8.1.5,test123....,Technical Owner,0777123234,,None,None,None,None,None,None,None,None,,,,,,,,,,
ggg,ggg,8.1.6,test123....,Technical Owner,0777123234,,None,None,None,None,None,None,None,None,,,,,,,,,,
hhh,hhh,8.1.7,test123....,Technical Owner,0777123234,,None,None,None,None,None,None,None,None,,,,,,,,,,
iii,iii,8.1.8,test123....,Technical Owner,0777123234,,None,None,None,None,None,None,None,None,,,,,,,,,,
jjj,jjj,8.1.9,test123....,Technical Owner,0777123234,,None,None,None,None,None,None,None,None,,,,,,,,,,
aaa,aaa,9.1.0,test123....,Technical Owner,0777123234,,None,None,None,None,None,None,None,None,,,,,,,,,,
bbb,bbb,9.1.1,test123....,Technical Owner,0777123234,,None,None,None,None,None,None,None,None,,,,,,,,,,
ccc,ccc,9.1.2,test123....,Technical Owner,0777123234,,None,None,None,None,None,None,None,None,,,,,,,,,,
ddd,ddd,9.1.3,test123....,Technical Owner,0777123234,,None,None,None,None,None,None,None,None,,,,,,,,,,
eee,eee,9.1.4,test123....,Technical Owner,0777123234,,None,None,None,None,None,None,None,None,,,,,,,,,,
fff,fff,9.1.5,test123....,Technical Owner,0777123234,,None,None,None,None,None,None,None,None,,,,,,,,,,
ggg,ggg,9.1.6,test123....,Technical Owner,0777123234,,None,None,None,None,None,None,None,None,,,,,,,,,,
hhh,hhh,9.1.7,test123....,Technical Owner,0777123234,,None,None,None,None,None,None,None,None,,,,,,,,,,
iii,iii,9.1.8,test123....,Technical Owner,0777123234,,None,None,None,None,None,None,None,None,,,,,,,,,,
jjj,jjj,9.1.9,test123....,Technical Owner,0777123234,,None,None,None,None,None,None,None,None,,,,,,,,,,
aaa,aaa,0.2.0,test123....,Technical Owner,0777123234,,None,None,None,None,None,None,None,None,,,,,,,,,,
bbb,bbb,0.2.1,test123....,Technical Owner,0777123234,,None,None,None,None,None,None,None,None,,,,,,,,,,
ccc,ccc,0.2.2,test123....,Technical Owner,0777123234,,None,None,None,None,None,None,None,None,,,,,,,,,,
ddd,ddd,0.2.3,test123....,Technical Owner,0777123234,,None,None,None,None,None,None,None,None,,,,,,,,,,
eee,eee,0.2.4,test123....,Technical Owner,0777123234,,None,None,None,None,None,None,None,None,,,,,,,,,,
fff,fff,0.2.5,test123....,Technical Owner,0777123234,,None,None,None,None,None,None,None,None,,,,,,,,,,
ggg,ggg,0.2.6,test123....,Technical Owner,0777123234,,None,None,None,None,None,None,None,None,,,,,,,,,,
hhh,hhh,0.2.7,test123....,Technical Owner,0777123234,,None,None,None,None,None,None,None,None,,,,,,,,,,
iii,iii,0.2.8,test123....,Technical Owner,0777123234,,None,None,None,None,None,None,None,None,,,,,,,,,,
jjj,jjj,0.2.9,test123....,Technical Owner,0777123234,,None,None,None,None,None,None,None,None,,,,,,,,,,
aaa,aaa,1.2.0,test123....,Technical Owner,0777123234,,None,None,None,None,None,None,None,None,,,,,,,,,,
bbb,bbb,1.2.1,test123....,Technical Owner,0777123234,,None,None,None,None,None,None,None,None,,,,,,,,,,
ccc,ccc,1.2.2,test123....,Technical Owner,0777123234,,None,None,None,None,None,None,None,None,,,,,,,,,,
ddd,ddd,1.2.3,test123....,Technical Owner,0777123234,,None,None,None,None,None,None,None,None,,,,,,,,,,
eee,eee,1.2.4,test123....,Technical Owner,0777123234,,None,None,None,None,None,None,None,None,,,,,,,,,,
fff,fff,1.2.5,test123....,Technical Owner,0777123234,,None,None,None,None,None,None,None,None,,,,,,,,,,
ggg,ggg,1.2.6,test123....,Technical Owner,0777123234,,None,None,None,None,None,None,None,None,,,,,,,,,,
hhh,hhh,1.2.7,test123....,Technical Owner,0777123234,,None,None,None,None,None,None,None,None,,,,,,,,,,
iii,iii,1.2.8,test123....,Technical Owner,0777123234,,None,None,None,None,None,None,None,None,,,,,,,,,,
jjj,jjj,1.2.9,test123....,Technical Owner,0777123234,,None,None,None,None,None,None,None,None,,,,,,,,,,
aaa,aaa,2.2.0,test123....,Technical Owner,0777123234,,None,None,None,None,None,None,None,None,,,,,,,,,,
bbb,bbb,2.2.1,test123....,Technical Owner,0777123234,,None,None,None,None,None,None,None,None,,,,,,,,,,
ccc,ccc,2.2.2,test123....,Technical Owner,0777123234,,None,None,None,None,None,None,None,None,,,,,,,,,,
ddd,ddd,2.2.3,test123....,Technical Owner,0777123234,,None,None,None,None,None,None,None,None,,,,,,,,,,
eee,eee,2.2.4,test123....,Technical Owner,0777123234,,None,None,None,None,None,None,None,None,,,,,,,,,,
fff,fff,2.2.5,test123....,Technical Owner,0777123234,,None,None,None,None,None,None,None,None,,,,,,,,,,
ggg,ggg,2.2.6,test123....,Technical Owner,0777123234,,None,None,None,None,None,None,None,None,,,,,,,,,,
hhh,hhh,2.2.7,test123....,Technical Owner,0777123234,,None,None,None,None,None,None,None,None,,,,,,,,,,
iii,iii,2.2.8,test123....,Technical Owner,0777123234,,None,None,None,None,None,None,None,None,,,,,,,,,,
jjj,jjj,2.2.9,test123....,Technical Owner,0777123234,,None,None,None,None,None,None,None,None,,,,,,,,,,
aaa,aaa,3.2.0,test123....,Technical Owner,0777123234,,None,None,None,None,None,None,None,None,,,,,,,,,,
bbb,bbb,3.2.1,test123....,Technical Owner,0777123234,,None,None,None,None,None,None,None,None,,,,,,,,,,
ccc,ccc,3.2.2,test123....,Technical Owner,0777123234,,None,None,None,None,None,None,None,None,,,,,,,,,,
ddd,ddd,3.2.3,test123....,Technical Owner,0777123234,,None,None,None,None,None,None,None,None,,,,,,,,,,
eee,eee,3.2.4,test123....,Technical Owner,0777123234,,None,None,None,None,None,None,None,None,,,,,,,,,,
fff,fff,3.2.5,test123....,Technical Owner,0777123234,,None,None,None,None,None,None,None,None,,,,,,,,,,
ggg,ggg,3.2.6,test123....,Technical Owner,0777123234,,None,None,None,None,None,None,None,None,,,,,,,,,,
hhh,hhh,3.2.7,test123....,Technical Owner,0777123234,,None,None,None,None,None,None,None,None,,,,,,,,,,
iii,iii,3.2.8,test123....,Technical Owner,0777123234,,None,None,None,None,None,None,None,None,,,,,,,,,,
jjj,jjj,3.2.9,test123....,Technical Owner,0777123234,,None,None,None,None,None,None,None,None,,,,,,,,,,
aaa,aaa,4.2.0,test123....,Technical Owner,0777123234,,None,None,None,None,None,None,None,None,,,,,,,,,,
bbb,bbb,4.2.1,test123....,Technical Owner,0777123234,,None,None,None,None,None,None,None,None,,,,,,,,,,
ccc,ccc,4.2.2,test123....,Technical Owner,0777123234,,None,None,None,None,None,None,None,None,,,,,,,,,,
ddd,ddd,4.2.3,test123....,Technical Owner,0777123234,,None,None,None,None,None,None,None,None,,,,,,,,,,
eee,eee,4.2.4,test123....,Technical Owner,0777123234,,None,None,None,None,None,None,None,None,,,,,,,,,,
fff,fff,4.2.5,test123....,Technical Owner,0777123234,,None,None,None,None,None,None,None,None,,,,,,,,,,
ggg,ggg,4.2.6,test123....,Technical Owner,0777123234,,None,None,None,None,None,None,None,None,,,,,,,,,,
hhh,hhh,4.2.7,test123....,Technical Owner,0777123234,,None,None,None,None,None,None,None,None,,,,,,,,,,
iii,iii,4.2.8,test123....,Technical Owner,0777123234,,None,None,None,None,None,None,None,None,,,,,,,,,,
jjj,jjj,4.2.9,test123....,Technical Owner,0777123234,,None,None,None,None,None,None,None,None,,,,,,,,,,
aaa,aaa,5.2.0,test123....,Technical Owner,0777123234,,None,None,None,None,None,None,None,None,,,,,,,,,,
bbb,bbb,5.2.1,test123....,Technical Owner,0777123234,,None,None,None,None,None,None,None,None,,,,,,,,,,
ccc,ccc,5.2.2,test123....,Technical Owner,0777123234,,None,None,None,None,None,None,None,None,,,,,,,,,,
ddd,ddd,5.2.3,test123....,Technical Owner,0777123234,,None,None,None,None,None,None,None,None,,,,,,,,,,
eee,eee,5.2.4,test123....,Technical Owner,0777123234,,None,None,None,None,None,None,None,None,,,,,,,,,,
fff,fff,5.2.5,test123....,Technical Owner,0777123234,,None,None,None,None,None,None,None,None,,,,,,,,,,
ggg,ggg,5.2.6,test123....,Technical Owner,0777123234,,None,None,None,None,None,None,None,None,,,,,,,,,,
hhh,hhh,5.2.7,test123....,Technical Owner,0777123234,,None,None,None,None,None,None,None,None,,,,,,,,,,
iii,iii,5.2.8,test123....,Technical Owner,0777123234,,None,None,None,None,None,None,None,None,,,,,,,,,,
jjj,jjj,5.2.9,test123....,Technical Owner,0777123234,,None,None,None,None,None,None,None,None,,,,,,,,,,
aaa,aaa,6.2.0,test123....,Technical Owner,0777123234,,None,None,None,None,None,None,None,None,,,,,,,,,,
bbb,bbb,6.2.1,test123....,Technical Owner,0777123234,,None,None,None,None,None,None,None,None,,,,,,,,,,
ccc,ccc,6.2.2,test123....,Technical Owner,0777123234,,None,None,None,None,None,None,None,None,,,,,,,,,,
ddd,ddd,6.2.3,test123....,Technical Owner,0777123234,,None,None,None,None,None,None,None,None,,,,,,,,,,
eee,eee,6.2.4,test123....,Technical Owner,0777123234,,None,None,None,None,None,None,None,None,,,,,,,,,,
fff,fff,6.2.5,test123....,Technical Owner,0777123234,,None,None,None,None,None,None,None,None,,,,,,,,,,
ggg,ggg,6.2.6,test123....,Technical Owner,0777123234,,None,None,None,None,None,None,None,None,,,,,,,,,,
hhh,hhh,6.2.7,test123....,Technical Owner,0777123234,,None,None,None,None,None,None,None,None,,,,,,,,,,
iii,iii,6.2.8,test123....,Technical Owner,0777123234,,None,None,None,None,None,None,None,None,,,,,,,,,,
jjj,jjj,6.2.9,test123....,Technical Owner,0777123234,,None,None,None,None,None,None,None,None,,,,,,,,,,
aaa,aaa,7.2.0,test123....,Technical Owner,0777123234,,None,None,None,None,None,None,None,None,,,,,,,,,,
bbb,bbb,7.2.1,test123....,Technical Owner,0777123234,,None,None,None,None,None,None,None,None,,,,,,,,,,
ccc,ccc,7.2.2,test123....,Technical Owner,0777123234,,None,None,None,None,None,None,None,None,,,,,,,,,,
ddd,ddd,7.2.3,test123....,Technical Owner,0777123234,,None,None,None,None,None,None,None,None,,,,,,,,,,
eee,eee,7.2.4,test123....,Technical Owner,0777123234,,None,None,None,None,None,None,None,None,,,,,,,,,,
fff,fff,7.2.5,test123....,Technical Owner,0777123234,,None,None,None,None,None,None,None,None,,,,,,,,,,
ggg,ggg,7.2.6,test123....,Technical Owner,0777123234,,None,None,None,None,None,None,None,None,,,,,,,,,,
hhh,hhh,7.2.7,test123....,Technical Owner,0777123234,,None,None,None,None,None,None,None,None,,,,,,,,,,
iii,iii,7.2.8,test123....,Technical Owner,0777123234,,None,None,None,None,None,None,None,None,,,,,,,,,,
jjj,jjj,7.2.9,test123....,Technical Owner,0777123234,,None,None,None,None,None,None,None,None,,,,,,,,,,
aaa,aaa,8.2.0,test123....,Technical Owner,0777123234,,None,None,None,None,None,None,None,None,,,,,,,,,,
bbb,bbb,8.2.1,test123....,Technical Owner,0777123234,,None,None,None,None,None,None,None,None,,,,,,,,,,
ccc,ccc,8.2.2,test123....,Technical Owner,0777123234,,None,None,None,None,None,None,None,None,,,,,,,,,,
ddd,ddd,8.2.3,test123....,Technical Owner,0777123234,,None,None,None,None,None,None,None,None,,,,,,,,,,
eee,eee,8.2.4,test123....,Technical Owner,0777123234,,None,None,None,None,None,None,None,None,,,,,,,,,,
fff,fff,8.2.5,test123....,Technical Owner,0777123234,,None,None,None,None,None,None,None,None,,,,,,,,,,
ggg,ggg,8.2.6,test123....,Technical Owner,0777123234,,None,None,None,None,None,None,None,None,,,,,,,,,,
hhh,hhh,8.2.7,test123....,Technical Owner,0777123234,,None,None,None,None,None,None,None,None,,,,,,,,,,
iii,iii,8.2.8,test123....,Technical Owner,0777123234,,None,None,None,None,None,None,None,None,,,,,,,,,,
jjj,jjj,8.2.9,test123....,Technical Owner,0777123234,,None,None,None,None,None,None,None,None,,,,,,,,,,
aaa,aaa,9.2.0,test123....,Technical Owner,0777123234,,None,None,None,None,None,None,None,None,,,,,,,,,,
bbb,bbb,9.2.1,test123....,Technical Owner,0777123234,,None,None,None,None,None,None,None,None,,,,,,,,,,
ccc,ccc,9.2.2,test123....,Technical Owner,0777123234,,None,None,None,None,None,None,None,None,,,,,,,,,,
ddd,ddd,9.2.3,test123....,Technical Owner,0777123234,,None,None,None,None,None,None,None,None,,,,,,,,,,
eee,eee,9.2.4,test123....,Technical Owner,0777123234,,None,None,None,None,None,None,None,None,,,,,,,,,,
fff,fff,9.2.5,test123....,Technical Owner,0777123234,,None,None,None,None,None,None,None,None,,,,,,,,,,
ggg,ggg,9.2.6,test123....,Technical Owner,0777123234,,None,None,None,None,None,None,None,None,,,,,,,,,,
hhh,hhh,9.2.7,test123....,Technical Owner,0777123234,,None,None,None,None,None,None,None,None,,,,,,,,,,
iii,iii,9.2.8,test123....,Technical Owner,0777123234,,None,None,None,None,None,None,None,None,,,,,,,,,,
jjj,jjj,9.2.9,test123....,Technical Owner,0777123234,,None,None,None,None,None,None,None,None,,,,,,,,,,
